,COST (billion euros),Cost per MWh produced (euros/MWh)
0,26.935704740179457,3.9328252272003966e-05
