,COST (billion euros),Cost per MWh produced (euros/MWh)
0,26.712156606100063,3.9600004396652916e-05
