,COST (billion euros),Cost per MWh produced (euros/MWh)
0,18.220576630652396,3.6648696450861756e-05
