,COST (billion euros),Cost per MWh produced (euros/MWh)
0,27.806281800583633,4.1556317159202526e-05
